pm101_IMPUTED_STATUS_CUM_COUNT,
pm102_IMPUTED_STATUS_CUM_COUNT,
pm103_IMPUTED_STATUS_CUM_COUNT,
pm104_IMPUTED_STATUS_CUM_COUNT,
pm105_IMPUTED_STATUS_CUM_COUNT,
pm106_IMPUTED_STATUS_CUM_COUNT,
pm107_IMPUTED_STATUS_CUM_COUNT,
pm108_IMPUTED_STATUS_CUM_COUNT,
pm109_IMPUTED_STATUS_CUM_COUNT,
pm110_IMPUTED_STATUS_CUM_COUNT,
pm111_IMPUTED_STATUS_CUM_COUNT,
pm114_IMPUTED_STATUS_CUM_COUNT,
pm115_IMPUTED_STATUS_CUM_COUNT,
pm116_IMPUTED_STATUS_CUM_COUNT,
pm118_IMPUTED_STATUS_CUM_COUNT,
pm123_IMPUTED_STATUS_CUM_COUNT,
pm124_IMPUTED_STATUS_CUM_COUNT,
pm125_IMPUTED_STATUS_CUM_COUNT,
pm126_IMPUTED_STATUS_CUM_COUNT,
pm127_IMPUTED_STATUS_CUM_COUNT,
pm128_IMPUTED_STATUS_CUM_COUNT,
pm129_IMPUTED_STATUS_CUM_COUNT,
pm130_IMPUTED_STATUS_CUM_COUNT,
pm43_IMPUTED_STATUS_CUM_COUNT,
pm48_IMPUTED_STATUS_CUM_COUNT,
pm49_IMPUTED_STATUS_CUM_COUNT,
pm50_IMPUTED_STATUS_CUM_COUNT,
pm51_IMPUTED_STATUS_CUM_COUNT,
pm52_IMPUTED_STATUS_CUM_COUNT,
pm54_IMPUTED_STATUS_CUM_COUNT,
pm55_IMPUTED_STATUS_CUM_COUNT,
pm67_IMPUTED_STATUS_CUM_COUNT,
pm68_IMPUTED_STATUS_CUM_COUNT,
pm69_IMPUTED_STATUS_CUM_COUNT,
pm70_IMPUTED_STATUS_CUM_COUNT,
pm73_IMPUTED_STATUS_CUM_COUNT,
pm74_IMPUTED_STATUS_CUM_COUNT,
pm75_IMPUTED_STATUS_CUM_COUNT,
pm76_IMPUTED_STATUS_CUM_COUNT,
pm82_IMPUTED_STATUS_CUM_COUNT,
pm91_IMPUTED_STATUS_CUM_COUNT,
pm92_IMPUTED_STATUS_CUM_COUNT,
pm93_IMPUTED_STATUS_CUM_COUNT,
pm94_IMPUTED_STATUS_CUM_COUNT,
pm96_IMPUTED_STATUS_CUM_COUNT,
pm98_IMPUTED_STATUS_CUM_COUNT,
vm131_IMPUTED_STATUS_CUM_COUNT,
vm143_IMPUTED_STATUS_CUM_COUNT,
vm144_IMPUTED_STATUS_CUM_COUNT,
vm145_IMPUTED_STATUS_CUM_COUNT,
vm146_IMPUTED_STATUS_CUM_COUNT,
vm147_IMPUTED_STATUS_CUM_COUNT,
vm152_IMPUTED_STATUS_CUM_COUNT,
vm153_IMPUTED_STATUS_CUM_COUNT,
vm154_IMPUTED_STATUS_CUM_COUNT,
vm155_IMPUTED_STATUS_CUM_COUNT,
vm156_IMPUTED_STATUS_CUM_COUNT,
vm157_IMPUTED_STATUS_CUM_COUNT,
vm158_IMPUTED_STATUS_CUM_COUNT,
vm159_IMPUTED_STATUS_CUM_COUNT,
vm160_IMPUTED_STATUS_CUM_COUNT,
vm161_IMPUTED_STATUS_CUM_COUNT,
vm162_IMPUTED_STATUS_CUM_COUNT,
vm163_IMPUTED_STATUS_CUM_COUNT,
vm164_IMPUTED_STATUS_CUM_COUNT,
vm165_IMPUTED_STATUS_CUM_COUNT,
vm166_IMPUTED_STATUS_CUM_COUNT,
vm167_IMPUTED_STATUS_CUM_COUNT,
vm168_IMPUTED_STATUS_CUM_COUNT,
vm169_IMPUTED_STATUS_CUM_COUNT,
vm170_IMPUTED_STATUS_CUM_COUNT,
vm171_IMPUTED_STATUS_CUM_COUNT,
vm172_IMPUTED_STATUS_CUM_COUNT,
vm173_IMPUTED_STATUS_CUM_COUNT,
vm175_IMPUTED_STATUS_CUM_COUNT,
vm176_IMPUTED_STATUS_CUM_COUNT,
vm177_IMPUTED_STATUS_CUM_COUNT,
vm178_IMPUTED_STATUS_CUM_COUNT,
vm179_IMPUTED_STATUS_CUM_COUNT,
vm180_IMPUTED_STATUS_CUM_COUNT,
vm181_IMPUTED_STATUS_CUM_COUNT,
vm182_IMPUTED_STATUS_CUM_COUNT,
vm183_IMPUTED_STATUS_CUM_COUNT,
vm184_IMPUTED_STATUS_CUM_COUNT,
vm185_IMPUTED_STATUS_CUM_COUNT,
vm186_IMPUTED_STATUS_CUM_COUNT,
vm187_IMPUTED_STATUS_CUM_COUNT,
vm188_IMPUTED_STATUS_CUM_COUNT,
vm189_IMPUTED_STATUS_CUM_COUNT,
vm190_IMPUTED_STATUS_CUM_COUNT,
vm191_IMPUTED_STATUS_CUM_COUNT,
vm192_IMPUTED_STATUS_CUM_COUNT,
vm193_IMPUTED_STATUS_CUM_COUNT,
vm194_IMPUTED_STATUS_CUM_COUNT,
vm195_IMPUTED_STATUS_CUM_COUNT,
vm196_IMPUTED_STATUS_CUM_COUNT,
vm197_IMPUTED_STATUS_CUM_COUNT,
vm198_IMPUTED_STATUS_CUM_COUNT,
