pm101,
pm102,
pm103,
pm104,
pm105,
pm106,
pm107,
pm108,
pm109,
pm110,
pm111,
pm114,
pm115,
pm116,
pm118,
pm123,
pm124,
pm125,
pm126,
pm127,
pm128,
pm129,
pm130,
pm43,
pm48,
pm49,
pm50,
pm51,
pm52,
pm54,
pm55,
pm67,
pm68,
pm69,
pm70,
pm73,
pm74,
pm75,
pm76,
pm82,
pm91,
pm92,
pm93,
pm94,
pm96,
pm98,
vm131,
vm143,
vm144,
vm145,
vm146,
vm147,
vm152,
vm153,
vm154,
vm155,
vm156,
vm157,
vm158,
vm159,
vm160,
vm161,
vm162,
vm163,
vm164,
vm165,
vm166,
vm167,
vm168,
vm169,
vm170,
vm171,
vm172,
vm173,
vm175,
vm176,
vm177,
vm178,
vm179,
vm180,
vm181,
vm182,
vm183,
vm184,
vm185,
vm186,
vm187,
vm188,
vm189,
vm190,
vm191,
vm192,
vm193,
vm194,
vm195,
vm196,
vm197,
vm198,
