pm100_IMPUTED_STATUS_CUM_COUNT,
pm112_IMPUTED_STATUS_CUM_COUNT,
pm113_IMPUTED_STATUS_CUM_COUNT,
pm117_IMPUTED_STATUS_CUM_COUNT,
pm119_IMPUTED_STATUS_CUM_COUNT,
pm120_IMPUTED_STATUS_CUM_COUNT,
pm121_IMPUTED_STATUS_CUM_COUNT,
pm122_IMPUTED_STATUS_CUM_COUNT,
pm35_IMPUTED_STATUS_CUM_COUNT,
pm36_IMPUTED_STATUS_CUM_COUNT,
pm37_IMPUTED_STATUS_CUM_COUNT,
pm38_IMPUTED_STATUS_CUM_COUNT,
pm44_IMPUTED_STATUS_CUM_COUNT,
pm47_IMPUTED_STATUS_CUM_COUNT,
pm56_IMPUTED_STATUS_CUM_COUNT,
pm71_IMPUTED_STATUS_CUM_COUNT,
pm77_IMPUTED_STATUS_CUM_COUNT,
pm79_IMPUTED_STATUS_CUM_COUNT,
pm81_IMPUTED_STATUS_CUM_COUNT,
pm83_IMPUTED_STATUS_CUM_COUNT,
pm85_IMPUTED_STATUS_CUM_COUNT,
pm87_IMPUTED_STATUS_CUM_COUNT,
pm88_IMPUTED_STATUS_CUM_COUNT,
pm89_IMPUTED_STATUS_CUM_COUNT,
pm90_IMPUTED_STATUS_CUM_COUNT,
pm95_IMPUTED_STATUS_CUM_COUNT,
pm97_IMPUTED_STATUS_CUM_COUNT,
pm99_IMPUTED_STATUS_CUM_COUNT,
vm12_IMPUTED_STATUS_CUM_COUNT,
vm132_IMPUTED_STATUS_CUM_COUNT,
vm133_IMPUTED_STATUS_CUM_COUNT,
vm134_IMPUTED_STATUS_CUM_COUNT,
vm135_IMPUTED_STATUS_CUM_COUNT,
vm136_IMPUTED_STATUS_CUM_COUNT,
vm137_IMPUTED_STATUS_CUM_COUNT,
vm138_IMPUTED_STATUS_CUM_COUNT,
vm139_IMPUTED_STATUS_CUM_COUNT,
vm140_IMPUTED_STATUS_CUM_COUNT,
vm141_IMPUTED_STATUS_CUM_COUNT,
vm142_IMPUTED_STATUS_CUM_COUNT,
vm148_IMPUTED_STATUS_CUM_COUNT,
vm149_IMPUTED_STATUS_CUM_COUNT,
vm150_IMPUTED_STATUS_CUM_COUNT,
vm151_IMPUTED_STATUS_CUM_COUNT,
vm174_IMPUTED_STATUS_CUM_COUNT,
vm19_IMPUTED_STATUS_CUM_COUNT,
vm2_IMPUTED_STATUS_CUM_COUNT,
vm23_IMPUTED_STATUS_CUM_COUNT,
vm24_IMPUTED_STATUS_CUM_COUNT,
vm25_IMPUTED_STATUS_CUM_COUNT,
vm26_IMPUTED_STATUS_CUM_COUNT,
vm27_IMPUTED_STATUS_CUM_COUNT,
vm28_IMPUTED_STATUS_CUM_COUNT,
vm30_IMPUTED_STATUS_CUM_COUNT,
vm32_IMPUTED_STATUS_CUM_COUNT,
vm66_IMPUTED_STATUS_CUM_COUNT,
vm84_IMPUTED_STATUS_CUM_COUNT,
